id,rating,avg_sentiment,min_sentiment,max_sentiment,embedding
0,5.0,0.07278181818181818,0.0,0.4019,"[1.6292227506637573, 0.06537588685750961, -0.5209183692932129, 0.8522064685821533, -0.34987327456474304]"
1,5.0,0.0,0.0,0.0,"[3.177549123764038, 1.300527572631836, -1.0730270147323608, 0.008894200436770916, 0.5838803648948669]"
2,4.0,0.0,0.0,0.0,"[1.7587532997131348, 0.9263615012168884, 0.6619693636894226, 1.398121953010559, -0.5102489590644836]"
3,5.0,0.3612,0.3612,0.3612,"[3.1086795330047607, 1.7579329013824463, -1.8987913131713867, 0.8765456080436707, -1.499921202659607]"
4,5.0,0.1909,0.0,0.3818,"[2.5009853839874268, -0.6429697871208191, 1.1177864074707031, 0.4799918532371521, -0.5972904562950134]"